belong,job-title,name,main-type,owner,sub-type,details,value,actual-price,remarks,date
방송통신위원회 한국방송광고진흥공사,사장,이백만,건물,본인,아파트,서울특별시 강남구 대치동 은마아파트 건물 42.22m2,858000,580000,,2022-01-28
방송통신위원회 한국방송광고진흥공사,사장,이백만,건물,배우자,아파트,서울특별시 강남구 대치동 은마아파트 건물 42.22m2,858000,580000,,2022-01-28
방송통신위원회 한국방송광고진흥공사,사장,이백만,채권,배우자,아파트 (전세(임차)권,서울특별시 송파구 문정동 올림픽훼밀리타운 건물 94.00m2,750000,,,2022-01-28
방송통신위원회 한국방송광고진흥공사,사장,이백만,채권,장남,아파트 (전세(임차)권,경기도 화성시 능동 동탄숲속마을모아미래도1단지 건물 60.49m2,217350,,,2022-01-28
방송통신위원회 한국방송광고진흥공사,사장,이백만,자동차 등,배우자,자동차,"2018년식 i30 배기량(1,355cc)",10000,26000,,2022-01-28
방송통신위원회 한국방송광고진흥공사,사장,이백만,자동차 등,장남,자동차,"2010년식 스포티지 배기량(1,950cc)",5000,9500,,2022-01-28
방송통신위원회 한국방송광고진흥공사,사장,이백만,예금,본인,,"미래에셋대우(주) 1, 삼성생명보험 19,694, 신한금융투자(주) 268,041, 신한라이프(오렌지라이프) 54,773, 신한은행 136,524",479033,,,2022-01-28
방송통신위원회 한국방송광고진흥공사,사장,이백만,예금,배우자,,"(주)KEB하나은행 24,239, KB증권 1,335, 교보생명보험 22,030, 삼성증권 2, 푸르덴셜생명보험 33,153, 한국교직원공제회 154,947, 한화생명보험주식회사 81,556, 현대해상화재보험 12,000",329262,,,2022-01-28
방송통신위원회 한국방송광고진흥공사,사장,이백만,예금,장남,,"NH투자증권 5,941, 국민은행 7,811, 대신증권 2, 신한은행 2, 씨티은행 4,426, 우리은행 9,989, 유안타증권 1,877, 중소기업은행 10,841, 케이뱅크 16,033, 한국카카오은행(주) 6,626, 한국투자증권 2",63550,,,2022-01-28
방송통신위원회 한국방송광고진흥공사,사장,이백만,예금,장녀,,"(주)카카오페이증권 150, NH투자증권 50, 국민은행 3,327, 신한은행 21,336, 우리은행 2, 한국투자증권 4,449",29314,,,2022-01-28
방송통신위원회 한국방송광고진흥공사,사장,이백만,증권,본인,상장주식,"삼성메디슨 9,000주, 이오테크닉스 5,056주",553694,,,2022-01-28
방송통신위원회 한국방송광고진흥공사,사장,이백만,증권,본인,비상장주식,"대한특수금속 2,000주, 주식회사 에이치투홀딩스 20,000주",14098,,,2022-01-28
방송통신위원회 한국방송광고진흥공사,사장,이백만,증권,배우자,상장주식,"삼성메디슨 2,000주, 유화증권 1,615주",15232,,,2022-01-28
방송통신위원회 한국방송광고진흥공사,사장,이백만,증권,배우자,비상장주식,"인스밸리 1,000주",5000,,,2022-01-28
방송통신위원회 한국방송광고진흥공사,사장,이백만,증권,장남,상장주식,"LG디스플레이 230주, LG화학보통주 4주, OCI 80주, OCI보통주 8주,SNT모티브보통주 40주, 금호타이어보통주 200주, 넷마블 250주,신성이엔지보통주 370주, 알톤스포츠 888주, 에스케이하이닉스보통주 50주, 하나금융지주 140주, 한국조선해양보통주 2주, 한화솔루션 900주",106802,,,2022-01-28
방송통신위원회 한국방송광고진흥공사,사장,이백만,증권,장녀,상장주식,"DGB금융지주 100주, SK 3주, SK하이닉스 40주, VANGUARDSHORT-TERMTREASURYETF 78주, 대한유화 37주, 세방전지 25주, 아남전자 6,882주, 에이프로 344주, 유한양행 198주, 하나제약 180주, 한화시스템 353주",68522,,,2022-01-28
방송통신위원회 한국방송광고진흥공사,사장,이백만,채권,장녀,금융채,QV CMA 원화RP,50,,,2022-01-28
방송통신위원회 한국방송광고진흥공사,사장,이백만,채무,장녀,금융채무,"신한은행 38,953",38953,,,2022-01-28
방송통신위원회 한국방송광고진흥공사,사장,이백만,회원권,본인,콘도미니엄,소노호텔&리조트,47400,,,2022-01-28
국무총리비서실,공보실장,김보협,건물,본인,연립주택,서울특별시 종로구 구기동 대지 103.15m2 건물 84.84m2,329000,230000,,2022-01-28
국무총리비서실,공보실장,김보협,자동차 등,본인,자동차,"2017년식 프리우스 E 배기량(1,800cc)",13120,32400,,2022-01-28
국무총리비서실,공보실장,김보협,예금,본인,,"(주)KEB하나은행 27,122, (주)카카오페이증권 3,128, 국민은행 16,787, 농협은행 37,120, 미래에셋대우(주) 20,917, 푸르덴셜생명보험 51,833, 한국카카오은행(주) 97",157004,,,2022-01-28
국무총리비서실,공보실장,김보협,예금,배우자,,"(주)KEB하나은행 3,044, 국민은행 1,640, 농협중앙회 53, 신한은행 4,178, 키움닷컴증권 5,358, 푸르덴셜생명보험 65,259",79532,,,2022-01-28
국무총리비서실,공보실장,김보협,예금,부,,"국민은행 1,772, 우체국 6",1778,,,2022-01-28
국무총리비서실,공보실장,김보협,예금,모,,"국민은행 1,475, 농협중앙회 50,005, 신용협동조합중앙회 59,030, 신한은행 14,669, 우리은행 272, 중소기업은행 3, 한국투자증권 504",125958,,,2022-01-28
국무총리비서실,공보실장,김보협,예금,장남,,"(주)KEB하나은행 2,402, (주)카카오페이증권 5, 미래에셋대우(주) 10, 한국카카오은행(주) 53",2470,,,2022-01-28
국무총리비서실,공보실장,김보협,예금,장녀,,"(주)KEB하나은행 549, 국민은행 6, 중소기업은행 2,300, 한국카카오은행(주) 471",3326,,,2022-01-28
국무총리비서실,공보실장,김보협,예금,본인,상장주식,"KT 110주, LG전자 81주, SK디스커버리 40주, SK바이오사이언스 27주, SK하이닉스 40주, 더블유게임즈 15주, 바이넥스 226주, 삼성전자 223주, 세경하이테크 160주, 셀트리온 5주, 셀트리온헬스케어 21주, 에이치엘비 50주, 오뚜기 7주, 유한양행 48주, 카카오 28주, 카카오뱅크 100주, 풀무원 125주, 한국조선해양 68주, 한미약품 4주, 한화에어로스페이스 82주, 현대건설 30주",85107,,,2022-01-28
국무총리비서실,공보실장,김보협,예금,본인,비상장주식,한겨레신문사 435주,2175,,,2022-01-28
국무총리비서실,공보실장,김보협,예금,배우자,상장주식,"금호석유화학보통주 67주, 동진쎄미켐 35주, 솔루스첨단소재보통주 14주, 쏠리드 20주, 알테오젠 4주, 에코프로비엠 1주, 엔케이맥스 6주, 카카오보통주 85주, 케이엠더블유 48주, 테크윙 35주, 팬엔터테인먼트 35주, 현대모비스보통주 33주, 현대미포조선보통주 40주, 현대엘리베이터보통주 30주, 현대자동차보통주 27주",46149,,,2022-01-28
국무총리비서실,공보실장,김보협,예금,장남,상장주식,테슬라 0.0114주,10,,,2022-01-28
식품의약품안전처 한국의약품안전관리원,원장,오정완,토지,본인,전,"전라북도 정읍시 이평면 팔선리 409번지 1,781.00㎡",16866,4400,,2022-01-28
식품의약품안전처 한국의약품안전관리원,원장,오정완,토지,본인,대지,전라북도 정읍시 이평면 팔선리 388-1번지 314.00㎡,3121,600,,2022-01-28
식품의약품안전처 한국의약품안전관리원,원장,오정완,건물,본인,아파트,인천광역시 부평구 삼산동 주공삼산타운아파트 건물 84.07㎡,403000,157700,,2022-01-28
식품의약품안전처 한국의약품안전관리원,원장,오정완,건물,배우자,상가,경기도 부천시 상동 소풍(부천터미널) 건물 37.35㎡,167000,167000,,2022-01-28
식품의약품안전처 한국의약품안전관리원,원장,오정완,채권,배우자,다세대주택 (전세(임차)권) 서,서울특별시 종로구 원서동 상원주택 건물 127.90㎡,230000,,,2022-01-28
식품의약품안전처 한국의약품안전관리원,원장,오정완,자동차 등,본인,자동차,"2009년식 싼타페 배기량(1,991cc)",5350,,,2022-01-28
식품의약품안전처 한국의약품안전관리원,원장,오정완,예금,본인,,"(주)카카오페이증권 10,010, KB증권 103,102, NH투자증권 248,673, 국민은행 12,495, 농협은행 106,610, 동양생명보험 7,003, 메리츠화재해상보험(보험) 4,367, 삼성생명보험 44,853, 삼성화재해상보험 570, 신한라이프(신한생명) 14,500, 우리은행 98,477, 키움닷컴증권 1, 한화생명보험주식회사 53,756, 한화손해보험 14,663, 흥국생명보험 31,000",750080,,,2022-01-28
식품의약품안전처 한국의약품안전관리원,원장,오정완,예금,배우자,,"(주)KEB하나은행 153, 국민은행 4,435, 삼성생명보험 23,385, 새마을금고 31,358, 우리은행 37,968, 키움닷컴증권 41,336, 한화생명보험주식회사 13,639, 한화투자증권 178",152452,,,2022-01-28
식품의약품안전처 한국의약품안전관리원,원장,오정완,예금,장남,,"(주)KEB하나은행 16, 국민은행 13, 농협은행 360, 삼성증권 7,478, 새마을금고 10, 신한은행 4, 중소기업은행 7",7888,,,2022-01-28
식품의약품안전처 한국의약품안전관리원,원장,오정완,예금,장녀,,"국민은행 4,485, 군인공제회 200, 농협은행 620, 새마을금고 200, 신한은행 3,398, 키움닷컴증권 2,087",10990,,,2022-01-28
식품의약품안전처 한국의약품안전관리원,원장,오정완,증권,본인,비상장주식,"주식회사몽플러스 10,000주",800,,,2022-01-28
식품의약품안전처 한국의약품안전관리원,원장,오정완,증권,배우자,상장주식,"LG디스플레이보통주 192주, SK네트웍스보통주 750주, 기아 50주, 넥슨지티 290주, 대유 100주, 대유에이텍 900주, 대유플러스 450주, 동양생명보험보통주 210주, 디이엔티 231주, 라온시큐어 90주, 미래산업보통주 1주, 삼성전자보통주 357주, 소룩스 21주, 손오공 400주, 신성이엔지보통주 900주, 써니전자보통주 782주, 에스맥 2,620주, 오가닉티코스메틱스홀딩스컴퍼니리미티드 3,500주, 오성첨단소재 113주, 지니뮤직 700주, 지스마트글로벌 10주, 케이티씨에스보통주 1,000주, 클라우드에어 500주, 탑엔지니어링 400주",69008,,,2022-01-28
식품의약품안전처 한국의약품안전관리원,원장,오정완,증권,장남,상장주식,"SFA반도체 270주, 오이솔루션 170주, 와이아이케이 512주, 유비케어 130주, 주성엔지니어링 100주, 한국전력 135주, 효성중공업 116주",23388,,,2022-01-28
식품의약품안전처 한국의약품안전관리원,원장,오정완,증권,차남,상장주식,"디이엔티 200주, 손오공 90주",1270,,,2022-01-28
식품의약품안전처 한국의약품안전관리원,원장,오정완,증권,장녀,상장주식,"삼성전자보통주 17주, 이마트보통주 1주, 카카오보통주 13주, 케이티보통주 70주, 하이브보통주 6주",7146,,,2022-01-28
식품의약품안전처 한국의약품안전관리원,원장,오정완,채무,본인,금융채무,"공무원연금공단 22,652",22652,,,2022-01-28
식품의약품안전처 한국의약품안전관리원,원장,오정완,채무,본인,건물임대채무,인천광역시 부평구 삼산동 주공삼산타운아파트 임대보증금,200000,,,2022-01-28
식품의약품안전처 한국의약품안전관리원,원장,오정완,채무,배우자,건물임대채무,경기도 부천시 상동 소풍(부천터미널) 임대보증금,5300,,,2022-01-28
식품의약품안전처 한국의약품안전관리원,원장,오정완,고지거부 및 등록제외사항,모,,고지거부,,,독립생계유지,2022-01-28
금융위원회 금융감독원,수석부원장,이찬우,건물,본인,아파트,서울특별시 용산구 서빙고동 신동아아파트 건물 140.81㎡,"2,050,000","1,190,000",,
금융위원회 금융감독원,수석부원장,이찬우,자동차 등,본인,자동차,"2021년식 제네시스 GV-70 배기량(2,500cc)","55,280","55,280",,
금융위원회 금융감독원,수석부원장,이찬우,예금,본인,,"국민은행 2,080, 농협은행 135,625, 신한은행 268,475","406,180",,,
금융위원회 금융감독원,수석부원장,이찬우,예금,배우자,,"(주)KEB하나은행 12,020, 국민은행 69,540, 동양생명보험 6,000, 케이디비 생명보험 7,200","94,760",,,
금융위원회 금융감독원,수석부원장,이찬우,예금,장남,,"(주)KEB하나은행 11,150, 교보생명보험 9,000, 국민은행 3,992, 우리은행 16,569, 한국산업은행 2,103, 현대라이프생명보험 20,000","62,814",,,
금융위원회 금융감독원,수석부원장,이찬우,예금,장녀,,"(주)KEB하나은행 35,769, 국민은행 1,697, 현대라이프생명보험 20,000","57,466",,,
금융위원회 금융감독원,수석부원장,이찬우,증권,배우자,비상장주식,"주식회사 더클락웍스 10,000주","193,710",,,
금융위원회 금융감독원,수석부원장,이찬우,채무,본인,금융채무,"신한은행 64,444","64,444",,,
기획재정부 한국재정정보원,원장,박용주,건물,본인,아파트,경기도 김포시 운양동 풍경마을 한강 한라비발디 건물 126.71㎡,"600,000","600,000",,
기획재정부 한국재정정보원,원장,박용주,자동차 등,본인,자동차,"2011년식 오피러스 GH270 배기량(2,656cc)","6,810","6,810",,
기획재정부 한국재정정보원,원장,박용주,예금,본인,,"(주)KEB하나은행 82,122, AIA생명보험주식회사 20,200, 과학기술인공제회 51,347, 교보생명보험 32,750, 국민은행 5,080, 농협은행 39,550, 삼성생 명보험 14,250, 신한은행 23, 악사(AXA)손해보험 276, 에이비엘생명보험 29,340, 푸르덴셜생명보험 35,641","310,579",,,
기획재정부 한국재정정보원,원장,박용주,예금,배우자,,"(주)KEB하나은행 3,750, 국민은행 34, 농협은행 13,031, 농협중앙회 30, 삼성생명보험 7,756, 현대해상화재보험 509","25,110",,,
기획재정부 한국재정정보원,원장,박용주,예금,차녀,,"(주)KEB하나은행 20, 신한은행 79, 우리은행 4, 유안타증권 7, 한국카카오 은행(주) 17",127,,,
기획재정부 한국재정정보원,원장,박용주,고지거부 및 등록제외사항,모,,고지거부,,,독립생계유지,
기획재정부 한국재정정보원,원장,박용주,고지거부 및 등록제외사항,장녀,,고지거부,,,독립생계유지,
교육부 부산교육대학교,총장,박수자,건물,본인,아파트,부산광역시 동래구 온천동 삼정그린코아 아파트 건물 84.96㎡,"137,000","130,200",,
교육부 부산교육대학교,총장,박수자,건물,모,아파트,서울특별시 강서구 화곡동 에스엠케이아파트 건물 26.93㎡,"260,000","260,000",,
교육부 부산교육대학교,총장,박수자,채권,모,아파트 (전세(임차)권),서울특별시 용산구 한남동 성아맨숀 건물 51.24㎡,900,,,
교육부 부산교육대학교,총장,박수자,채권,장남,아파트 (전세(임차)권),서울특별시 용산구 한남동 성아맨숀 건물 57.39㎡,860,,,
교육부 부산교육대학교,총장,박수자,자동차 등,본인,자동차,"2012년식 그랜져hg 배기량(2,400cc)","8,800","5,000",,
교육부 부산교육대학교,총장,박수자,예금,본인,,"AIA생명보험주식회사 24,576, 국민은행 33,145, 부산은행 35,640, 우체국 84,800, 한국교직원공제회 97,859","276,020",,,
교육부 부산교육대학교,총장,박수자,예금,모,,"신한은행 281, 우리은행 17,340","17,621",,,
교육부 부산교육대학교,총장,박수자,예금,장남,,"농협중앙회 46,306, 새마을금고 1, 신한은행 3,356, 우리은행 8","49,671",,,
교육부 부산교육대학교,총장,박수자,채무,모,금융채무,"우리카드 8,749","8,749",,,
교육부 부산교육대학교,총장,박수자,채무,모,건물임대채무,서울특별시 강서구 화곡동 에스엠케이아파트 임대보증금,"260,000",,,
교육부 춘천교육대학교,총장,이주한,건물,본인,아파트,강원도 춘천시 석사동 퇴계주공3차 건물 84.79㎡,"112,000","112,000",,
교육부 춘천교육대학교,총장,이주한,예금,본인,,"DB손해보험(주) 14,040, 농협은행 12,690, 더케이손해보험(주) 1,090, 신한은행 658, 우체국 10, 한국교직원공제회 104,085","132,573",,,
교육부 춘천교육대학교,총장,이주한,예금,배우자,,"농협은행 5,550, 농협중앙회 9,117, 더케이손해보험(주) 1,090, 에이비엘생명보험 18,186, 현대라이프생명보험 22,256","56,199",,,
교육부 춘천교육대학교,총장,이주한,예금,장녀,,"농협은행 1, 농협중앙회 3, 신한은행 26,372, 우리은행 5, 한국카카오은행(주) 199, 현대해상화재보험 6,011","32,591",,,
교육부 춘천교육대학교,총장,이주한,예금,차녀,,"(주)KEB하나은행 500, 농협은행 3,950, 신한은행 4,284, 현대해상화재보험 3,360","12,094",,,
교육부 춘천교육대학교,총장,이주한,채무,본인,금융채무,"공무원연금공단 3,560, 현대캐피탈 16,000","19,560",,,
교육부 춘천교육대학교,총장,이주한,채무,장녀,금융채무,"현대캐피탈 11,913","11,913",,,
교육부 창원대학교,연구산학부총장,이수현,건물,본인,아파트,경기도 성남시 분당구 수내동 건물 84.72㎡,"796,000","600,000",,
교육부 창원대학교,연구산학부총장,이수현,건물,본인,아파트,경상남도 창원시 성산구 대방동 대방개나리1차아파트 건물 42.18㎡,"70,300","45,000",,
교육부 창원대학교,연구산학부총장,이수현,건물,부,아파트,대구광역시 북구 복현동 광명 건물 46.63㎡ 중 46.61㎡,"113,951","8,000",,
교육부 창원대학교,연구산학부총장,이수현,자동차 등,본인,자동차,"2014년식 싼타페 2.0 배기량(1,995cc)","10,720","10,720",,
교육부 창원대학교,연구산학부총장,이수현,예금,본인,,"(주)KEB하나은행199, KB증권39,603, NH투자증권75,699, SK증권1,399, 경남은행2, 국민은행7,895, 농협은행35,668, 대신증권274, 미래에셋대우(주) 40,507, 삼성생명보험6,914, 삼성증권63,583, 삼성화재해상보험65, 신한금융투자(주) 883, 유진투자증권1,949, 키움닷컴증권7,728, 푸르덴셜생명보험51,928, 하이투자증권144, 한국교직원공제회41,201, 한국카카오은행(주) 26, 한국투자증권24,833, 한화생명보험주식회사21,344, 흥국화재해상보험(주) 79","421,923",,,
교육부 창원대학교,연구산학부총장,이수현,예금,부,,"국민은행5,026, 농협중앙회2,363, 대구은행8,085, 신용협동조합중앙회10,055, 우체국1","25,530",,,
교육부 창원대학교,연구산학부총장,이수현,예금,모,,"대구은행6,330, 신용협동조합중앙회22,111","28,441",,,
교육부 창원대학교,연구산학부총장,이수현,예금,장남,,"(주)KEB하나은행1,510, DB손해보험(주) 199, KB증권14,112, NH투자증권109,809, 농협은행6,912, 미래에셋대우(주) 25,713, 삼성증권32,073, 신한금융투자(주) 3,607, 씨티은행672, 우리은행60,982, 우체국253,490, 중소기업은행201, 키움닷컴증권 144,092, 한국투자증권10,003","663,375",,,
교육부 창원대학교,연구산학부총장,이수현,증권,본인,상장주식,"ARKINNOVATIONETF 4주, AT&T 3.4859주, B2골드 56.86주, CREDITSUISSEX-LINKSCRUDEOILETFCOVEREDCALLETN 6주, CreditSuisseX-LinksSilverSharesCove 100주, ITTECHPACKAGINGINC 4주, KOPINCORP 50주, REALTYINCOMECORP 15주, ROBLOXCORPORATION 10주, VANGUARDTOTALWORLDSTOCKETF 1.6246주, VUZIXCORP 50주, WELLTOWERINC 2주, X-LinksCrudeOilSharesCoveredCallET 19주, 나이키B 2주, 리노스 31주, 바이젠셀 1주, 뱅크오브아메리카 6.63주, 버라이존커뮤니케이션스 0.6197주, 벨로다인라이다 23.77주, 사이먼프로퍼티그룹 2.5093주, 샤오미그룹 1주, 소영인터내셔널(ADR) 34.99주, 스타벅스 0.16주, 아이퀘스트 3주, 알파벳A 0.39주, 엑슨모빌 4.34주, 엔비디아 18.07주, 유니티소프트웨어 2.7918주, 제너럴모터스 2.54주, 캐터필러 1.5035주, 켈로그 0.2718주, 코카콜라 5.6949주, 크레디트스위스하이일드본드펀 4주, 티웨이항공 200주, 팬오션 1주","15,852",,,
교육부 창원대학교,연구산학부총장,이수현,증권,장남,상장주식,"AMD 2주, APS홀딩스 11주, AP시스템 105주, ARKINNOVATIONETF 5주, INVESCOPREFERREDETF 100주, ISHARESEDGEMSCIMINVOLUSAETF 17주, ISHARESEXPANDEDTECH-SOFTWARESECTORETF 4주, LG디스플레이 10주, SK하이닉스 20주, VANGUARDHIGHDIVIDENDYIELDETF 48주, VANGUARDTOTALWORLDSTOCKETF 19주, 골든센츄리 170주, 기아 100주, 기업은행 500주, 길리어드사이언스 10주, 네오리진 80주, 넷플릭스 2주, 대한제강 10주, 리노스 632주, 마이크로소프트 29주, 메타플랫폼스(페이스북) 3.83주, 바이오플러스 1주, 삼성전자 205주, 삼성전자우 30주, 삼성증권 100주, 쇼박스 1주, 스타벅스 0.12주, 신성델타테크 33주, 아바코 37주, 아이퀘스트 6주, 애플 30.06주, 엔비디아 7.27주, 월트디즈니 4주, 진시스템 2주, 카카오게임즈 5주, 코아시아 102주, 테슬라 1.61주, 팬오션 1주, 하나금융지주 100주, 현대차 60주","100,551",,,
교육부 창원대학교,연구산학부총장,이수현,채권,본인,,기타,"30,000",,,
교육부 창원대학교,연구산학부총장,이수현,채무,본인,건물임대채무,경기도 성남시 분당구 수내동 건물 임대보증금,"420,000",,,
문화체육관광부 게임물관리위원회,위원장,김규철,토지,배우자,도로,충청남도 서산시 운산면 용장리 277-1번지 344.00㎡,"3,065","1,000",,
문화체육관광부 게임물관리위원회,위원장,김규철,건물,본인,아파트,부산광역시 남구 용호동 엘지메트로시티1 건물 187.72㎡,"469,000","380,000",,
문화체육관광부 게임물관리위원회,위원장,김규철,건물,본인,복합건물 (주택+상가),부산광역시 중구 보수동3가 대지 206.00㎡ 중 103.00㎡ 건물 894.46㎡ 중 447.23㎡,"395,067",,,
문화체육관광부 게임물관리위원회,위원장,김규철,건물,배우자,복합건물 (주택+상가),부산광역시 중구 보수동3가 대지 206.00㎡ 중 103.00㎡ 건물 894.46㎡ 중 447.23㎡,"395,067","30,000",,
문화체육관광부 게임물관리위원회,위원장,김규철,건물,배우자,상가,"부산광역시 남구 용호동 GS하이츠자이 건물 133,779.00㎡","485,000","485,000",,
문화체육관광부 게임물관리위원회,위원장,김규철,채권,차녀,오피스텔 (전세(임차)권),서울특별시 영등포구 영등포동4가 영등포 센트럴 푸르지오 시티 건물 21.61㎡,"200,000",,,
문화체육관광부 게임물관리위원회,위원장,김규철,자동차 등,본인,자동차,"04년식 오피러스 배기량(3,000cc)","4,000","39,000",,
문화체육관광부 게임물관리위원회,위원장,김규철,자동차 등,장남,자동차,"19년식 셀토스 배기량(1,600cc)","17,480","26,420",,
문화체육관광부 게임물관리위원회,위원장,김규철,자동차 등,차녀,자동차,"11년식 포르테 쿱 배기량(2,000cc)","5,500","23,000",,
문화체육관광부 게임물관리위원회,위원장,김규철,예금,본인,,"SK증권 10, 국민은행 25,216, 부산은행 62,603, 새마을금고 4,140, 우체국 30,497, 유안타증권 2, 한화생명보험주식회사 32,250","154,718",,,
문화체육관광부 게임물관리위원회,위원장,김규철,예금,배우자,,"국민은행 30,435, 농협은행 9, 부산은행 18,584, 새마을금고 20,021, 흥국생명보험 5,211","74,260",,,
문화체육관광부 게임물관리위원회,위원장,김규철,예금,장남,,"국민은행 14,371, 농협은행 3, 키움닷컴증권 10","14,384",,,
문화체육관광부 게임물관리위원회,위원장,김규철,예금,차녀,,"경찰공제회 98,296, 국민은행 25,309, 농협중앙회 1, 미래에셋대우(주) 147, 부산은행 329, 신한금융투자(주) 14,229, 신한은행 3,524, 한국카카오은행(주) 1,061, 한국투자증권 193","143,089",,,
문화체육관광부 게임물관리위원회,위원장,김규철,증권,본인,비상장주식,"신원정보기술 1,000주",500,,,
문화체육관광부 게임물관리위원회,위원장,김규철,증권,장남,상장주식,"삼성전자보통주 35주, 셀트리온제약 5주","3,604",,,
문화체육관광부 게임물관리위원회,위원장,김규철,증권,차녀,상장주식,"CJ제일제당 5주, SK아이이테크놀로지 1주, 나이키 0.0135주, 삼성엔지니어 링 110주, 삼성전자 30주, 아미코젠 60주, 하이브 7주, 현대제철 40주, 화 이자 0.1384주","14,261",,,
문화체육관광부 게임물관리위원회,위원장,김규철,채권,차녀,회사채,"색동이제22차113 250주, 케이디비생명보 520주","7,955",,,
문화체육관광부 게임물관리위원회,위원장,김규철,채권,본인,,사인간채권,"50,000",,,
문화체육관광부 게임물관리위원회,위원장,김규철,채권,배우자,,사인간채권,"40,000",,,
문화체육관광부 게임물관리위원회,위원장,김규철,채무,본인,금융채무,"부산은행 94,512","94,512",,,
문화체육관광부 게임물관리위원회,위원장,김규철,채무,본인,건물임대채무,부산광역시 중구 보수동3가 임대보증금,"115,000",,,
문화체육관광부 게임물관리위원회,위원장,김규철,채무,배우자,건물임대채무,부산광역시 남구 용호동 GS하이츠자이 임대보증금,"30,000",,,
문화체육관광부 게임물관리위원회,위원장,김규철,채무,배우자,건물임대채무,부산광역시 중구 보수동3가 임대보증금,"2,000",,,
문화체육관광부 게임물관리위원회,위원장,김규철,채무,차녀,,사인간채무,"90,000",,,
문화체육관광부 게임물관리위원회,위원장,김규철,채무,차녀,금융채무,"국민은행 120,000","120,000",,,
문화체육관광부 국립국어원,원장,장소원,토지,본인,임야,"경상북도 울진군 북면 소곡리 산 27번지 4,165.00m2","1,870",900,,
문화체육관광부 국립국어원,원장,장소원,토지,본인,임야,"경상북도 울진군 북면 덕구리 산 185-1번지 25,785.00m2","22,485","12,290",,
문화체육관광부 국립국어원,원장,장소원,토지,본인,유원지,인천광역시 중구 운북동 1257-51번지 228.00m2,"71,820","6,556",,
문화체육관광부 국립국어원,원장,장소원,토지,본인,유원지,인천광역시 중구 운북동 1257-113번지 178.00m2 중 89.00m2,"55,000","55,000",,
문화체육관광부 국립국어원,원장,장소원,토지,본인,유원지,인천광역시 중구 운북동 1257-198번지 3.00m2,264,264,,
문화체육관광부 국립국어원,원장,장소원,건물,본인,근린생활시설,"인천광역시 중구 운북동 대지 1,536.00㎡ 건물 264.50㎡","1,104,520","1,104,520",,
문화체육관광부 국립국어원,원장,장소원,건물,본인,아파트,서울특별시 용산구 후암동 브라운스톤 남산아파트 건물 168.41㎡,"1,014,000","780,000",,
문화체육관광부 국립국어원,원장,장소원,건물,본인,오피스텔,서울특별시 종로구 내수동 경희궁의아침 3단지 건물 69.59㎡,"229,000","156,500",,
문화체육관광부 국립국어원,원장,장소원,자동차 등,본인,자동차,"2018년식 마칸 배기량(2,000cc)","34,700","34,700",,
문화체육관광부 국립국어원,원장,장소원,예금,본인,,"(주)KEB하나은행 14, (주)카카오페이증권 200, 국민은행 4,041, 농협생명 보험 61,900, 농협은행 64,658, 삼성생명보험 24,148, 삼성증권 62,827, 우체국 11, 한국교직원공제회 58,250, 한국카카오은행(주) 735","276,784",,,
문화체육관광부 국립국어원,원장,장소원,증권,본인,상장주식,"삼성전자 500주, 이브이첨단소재 15,138주, 제넨바이오 3,142주, 현대모비스 50주","79,437",,,
문화체육관광부 국립국어원,원장,장소원,채무,본인,건물임대채무,인천광역시 중구 운북동 임대보증금,"10,000",,,
문화체육관광부 국립국어원,원장,장소원,회원권,본인,골프,블루원용인컨트리클럽,"15,000","15,000",,
문화체육관광부 국립국어원,원장,장소원,회원권,본인,헬스,힐튼호텔,"12,000","14,000",,
문화체육관광부 국립국어원,원장,장소원,고지거부 및 등록제외사항,부,,고지거부,,,독립생계유지,
가습기살균제사건과 4·16세월호참사 특별조사위원회,상임위원,문현웅,건물,배우자,아파트,대전광역시 서구 월평동 진달래아파트 건물 84.57㎡,"270,000",,,
가습기살균제사건과 4·16세월호참사 특별조사위원회,상임위원,문현웅,자동차 등,본인,자동차,"2015년식 제네시스(DH) 배기량(3,342cc)","18,110","16,300",,
가습기살균제사건과 4·16세월호참사 특별조사위원회,상임위원,문현웅,예금,본인,,"(주)KEB하나은행 13,040, 신한은행 12,172, 현대해상화재보험 40,800","66,012",,,
가습기살균제사건과 4·16세월호참사 특별조사위원회,상임위원,문현웅,예금,배우자,,"(주)KEB하나은행 275,587, KB생명보험 11,869, 국민은행 34,000, 농협은행 148,558, 동양생명보험 30,000, 삼성생명보험 36,900, 삼성화재해상보험 870, 새마을금고 47,000, 신용협동조합중앙회 54,129, 신한은행 78,694, 우리은행 79,006, 하나생명보험 16,500, 한화생명보험주식회사 40,000, 현 대해상화재보험 62,900, 흥국생명보험 20,000","936,013",,,
가습기살균제사건과 4·16세월호참사 특별조사위원회,상임위원,문현웅,예금,장남,,"(주)KEB하나은행 13,788, 신한은행 15","13,803",,,
가습기살균제사건과 4·16세월호참사 특별조사위원회,상임위원,문현웅,예금,장녀,,"(주)KEB하나은행 3,300, 새마을금고 24,435, 신한은행 325, 한국카카오은 행(주) 400","28,460",,,
가습기살균제사건과 4·16세월호참사 특별조사위원회,사무처장,오관영,토지,본인,전,"전라북도 남원시 산내면 중황리 711번지 4,679.00㎡ 중 2,340.00㎡","58,000","5,800",,
가습기살균제사건과 4·16세월호참사 특별조사위원회,사무처장,오관영,토지,본인,묘지,전라북도 남원시 산내면 중황리 710번지 95.00㎡ 중 48.00㎡,"2,000","2,000",,
가습기살균제사건과 4·16세월호참사 특별조사위원회,사무처장,오관영,토지,본인,전,"전라북도 남원시 산내면 중황리 705-1번지 2,767.00㎡ 중 1,144.00㎡","20,000","20,000",,
가습기살균제사건과 4·16세월호참사 특별조사위원회,사무처장,오관영,채권,본인,아파트 (전세(임차)권),경기도 남양주시 다산동 다산자연앤e편한세상3차 건물 51.59㎡,"84,920",,,
가습기살균제사건과 4·16세월호참사 특별조사위원회,사무처장,오관영,채권,배우자,연립주택 (전세(임차)권),서울특별시 광진구 자양동 건물 178.38㎡ 중 59.46㎡,"50,000",,,
가습기살균제사건과 4·16세월호참사 특별조사위원회,사무처장,오관영,건물,모,다세대주택,경기도 의왕시 삼동 벽산다세대 건물 59.40㎡,"93,000","93,000",,
가습기살균제사건과 4·16세월호참사 특별조사위원회,사무처장,오관영,자동차 등,본인,자동차,"2004년식 SM5 배기량(1,800cc)","1,100","1,100",,
가습기살균제사건과 4·16세월호참사 특별조사위원회,사무처장,오관영,자동차 등,,,"2015년식 K3 배기량(1,600cc)","3,000","3,000",,
가습기살균제사건과 4·16세월호참사 특별조사위원회,사무처장,오관영,자동차 등,배우자,자동차,"2015년식 K3 배기량(1,600cc)","3,000","3,000",,
가습기살균제사건과 4·16세월호참사 특별조사위원회,사무처장,오관영,자동차 등,,,"2017년식 렉스톤G4 배기량(2,100cc)","20,000","20,000",,
가습기살균제사건과 4·16세월호참사 특별조사위원회,사무처장,오관영,예금,본인,,"BNP파리바카디프생명보험 5,425, 롯데손해보험 28,800, 삼성화재해상보험 9,526, 신용협동조합중앙회 1,094, 신한은행 29, 우리은행 13, 우체국 3, 한국카카오은행(주) 2,022","46,912",,,
가습기살균제사건과 4·16세월호참사 특별조사위원회,사무처장,오관영,예금,배우자,,"국민은행 28,673, 삼성생명보험 10,356, 스탠다드차타드은행 1, 신한은행 13, 한국카카오은행(주) 8,631","47,674",,,
가습기살균제사건과 4·16세월호참사 특별조사위원회,사무처장,오관영,예금,모,,"(주)KEB하나은행 13,853, 미래에셋대우(주) 2","13,855",,,
가습기살균제사건과 4·16세월호참사 특별조사위원회,사무처장,오관영,예금,장남,,"(주)KEB하나은행 4, 농협중앙회 5, 삼성증권 23, 삼성화재해상보험 12,416, 우리은행 19,229, 키움닷컴증권 400","32,077",,,
가습기살균제사건과 4·16세월호참사 특별조사위원회,사무처장,오관영,증권,장남,상장주식,"에이치엘비테라퓨틱스 585주, 피에이치씨 1,300주","11,959",,,
한국은행,금융통화위원,박기영,토지,배우자,전,"강원도 속초시 노학동 1000-252번지 3,416.00㎡","438,956",,외조모로부터 증여,
한국은행,금융통화위원,박기영,토지,배우자,전,"강원도 속초시 노학동 1000-504번지 1,158.00㎡","148,803",,외조모로부터 증여,
한국은행,금융통화위원,박기영,건물,본인,아파트,서울특별시 종로구 평동 경희궁자이 3단지 건물 77.97㎡ 중 38.99㎡,"586,000","435,000",공동소유,
한국은행,금융통화위원,박기영,건물,배우자,아파트,서울특별시 종로구 평동 경희궁자이 3단지 건물 77.97㎡ 중 38.99㎡,"586,000","435,000",공동소유,
한국은행,금융통화위원,박기영,건물,부,아파트,경기도 용인시 기흥구 마북동 교동마을 엘지자이 건물 123.57㎡,"327,000","245,000",,
한국은행,금융통화위원,박기영,자동차 등,본인,자동차,2021년식 모델Y 배기량(0cc),"72,560","64,280",,
한국은행,금융통화위원,박기영,자동차 등,배우자,자동차,"2013년식 레인지로버 이보크 배기량(1,999cc)","16,900","55,000",,
한국은행,금융통화위원,박기영,자동차 등,부,자동차,"2009년식 그랜저 배기량(2,359cc)","3,940","28,010",,
한국은행,금융통화위원,박기영,예금,본인,,"(주)KEB하나은행 8, 농협중앙회 536, 미래에셋대우(주) 4,054, 삼성증권 3,040, 우리은행 23,910, 키움닷컴증권 30, 한국산업은행 39,020, 한국카 카오은행(주) 34","70,632",,,
한국은행,금융통화위원,박기영,예금,배우자,,"(주)KB손해보험 134, Bank of America 3,561, Robinhood 12,361, 스탠다드 차타드은행 9,672, 신한은행 65, 씨티은행 108,384, 우리은행 17,449, 케 이디비생명보험 201,000, 한국산업은행 39,544","392,170",,,
한국은행,금융통화위원,박기영,예금,부,,"국민은행 5,452, 농협중앙회 1,056, 삼성증권 6, 씨티은행 10","6,524",,,
한국은행,금융통화위원,박기영,예금,모,,"DB손해보험(주) 1,437, 국민은행 2,400, 농협중앙회 49,241, 씨티은행 3,869","56,947",,,
한국은행,금융통화위원,박기영,증권,배우자,상장주식,"Alphabet Class A 10주, Apple 44주, Microsoft 29주, Plug Power 1주","50,198",,,
한국은행,금융통화위원,박기영,채무,본인,금융채무,"우리은행 246,520","246,520",,,
대통령비서실,사회통합비서관,김영문,토지,본인,전,인천광역시 강화군 양도면 하일리 171-4번지 120.00㎡ 중 25.70㎡,"2,210",,상속,
대통령비서실,사회통합비서관,김영문,토지,본인,임야,"인천광역시 강화군 양도면 하일리 171-9번지 1,197.00㎡ 중 256.50㎡","9,310",,상속,
대통령비서실,사회통합비서관,김영문,토지,본인,답,"전라남도 영암군 영암읍 농덕리 1091-13번지 1,630.00㎡","17,930",,상속,
대통령비서실,사회통합비서관,김영문,토지,장남,전,인천광역시 강화군 양도면 하일리 171-4번지 120.00㎡ 중 17.14㎡,"1,474",,상속,
대통령비서실,사회통합비서관,김영문,토지,장남,임야,"인천광역시 강화군 양도면 하일리 171-9번지 1,197.00㎡ 중 170.00㎡","6,171",,상속,
대통령비서실,사회통합비서관,김영문,건물,본인,오피스텔,서울특별시 양천구 목동 목동굿모닝탑 건물 189.06㎡,"680,833",,2004년부터 2017년까지 거주후 전세 임대,
대통령비서실,사회통합비서관,김영문,채권,본인,아파트 (전세(임차)권),서울특별시 양천구 신월동 신정뉴타운롯데캐슬 건물 118.00㎡,"630,000",,,
대통령비서실,사회통합비서관,김영문,자동차 등,본인,자동차,"2014년식 그랜저 하이브리드 배기량(2,400cc)","11,000",,,
대통령비서실,사회통합비서관,김영문,자동차 등,배우자,자동차,"2017년식 소나타 하이브리드 배기량(2,000cc)","16,000",,,
대통령비서실,사회통합비서관,김영문,자동차 등,장남,자동차,"2018년식 K3 배기량(1,600cc)","13,000",,,
대통령비서실,사회통합비서관,김영문,예금,본인,,"AIA생명보험주식회사 13,223, DB금융투자 14,085, DB손해보험(주) 8,295, 국민은행 1,032, 농협은행 231,454, 삼성생명보험 5,604, 신한은행 9, 에이비엘생명보험 9,056, 푸르덴셜생명보험 26,200","308,958",,,
대통령비서실,사회통합비서관,김영문,예금,배우자,,"농협손해보험 487, 농협중앙회 10, 메리츠화재해상보험(보험) 2,891, 미래에셋생명보험 6,789, 새마을금고 109, 신한라이프(신한생명) 1,702, 신한은행 8,380, 씨티은행 21, 우리은행 8,539, 중소기업은행 6","28,934",,,
대통령비서실,사회통합비서관,김영문,예금,모,,"농협중앙회 70,455","70,455",,,
대통령비서실,사회통합비서관,김영문,예금,장남,,중소기업은행 6,6,,,
대통령비서실,사회통합비서관,김영문,채무,본인,건물임대채무,서울특별시 양천구 목동 목동굿모닝탑 임대보증금,"765,000",,,
대통령비서실,사회통합비서관,김영문,채무,장남,금융채무,"신한은행 5,000","5,000",,,
대통령비서실,사회통합비서관,김영문,고지거부 및 등록제외사항,장녀,,고지거부,,,독립생계유지,
대통령비서실,사회정책비서관,여준성,토지,부,전,"강원도 원주시 문막읍 비두리 1178번지 1,299.00㎡","27,279","27,279",,
대통령비서실,사회정책비서관,여준성,토지,부,전,"강원도 원주시 문막읍 비두리 1179번지 1,293.00㎡","27,153","27,153",,
대통령비서실,사회정책비서관,여준성,채권,본인,아파트 (전세(임차)권),서울특별시 영등포구 영등포동8가 영등포삼환아파트 건물 84.87㎡,"378,000",,,
대통령비서실,사회정책비서관,여준성,건물,부,아파트,강원도 원주시 단구동 유승아파트 건물 84.47㎡ 중 84.46㎡,"107,987","107,987",,
대통령비서실,사회정책비서관,여준성,자동차 등,본인,자동차,"2012년식 아반떼 배기량(1,591cc)","4,750","4,750",,
대통령비서실,사회정책비서관,여준성,예금,본인,,"SK증권 1, 교보생명보험 33,391, 국민은행 4,456, 농협은행 116,874, 농협 중앙회 1, 우리은행 126,755","281,478",,,
대통령비서실,사회정책비서관,여준성,예금,배우자,,"(주)KB손해보험 1,711, 교보생명보험 21,360, 새마을금고 32, 우리은행 141,234, 중소기업은행 29, 현대해상화재보험 6,347","170,713",,,
대통령비서실,사회정책비서관,여준성,예금,부,,"농협중앙회 10, 새마을금고 2,915, 새마을금고중앙회 공제사업부 9,624","12,549",,,
대통령비서실,사회정책비서관,여준성,예금,모,,"NH투자증권 26, 농협중앙회 22,701, 새마을금고 1,898","24,625",,,
대통령비서실,사회정책비서관,여준성,예금,장남,,"국민은행 13,890, 우리은행 9,980","23,870",,,
대통령비서실,사회정책비서관,여준성,증권,본인,비상장주식,현대아산주식회사 231주,1155,,,
국무조정실,세종특별자치시 지원단장,정현용,건물,본인,다가구주택,경기도성남시수정구창곡동대지 265.30㎡ 중 132.65㎡ 건물 299.29㎡중 149.65㎡,"1,500,000","1,500,000",,
국무조정실,세종특별자치시 지원단장,정현용,채권,본인,다가구주택 (전세(임차)권),세종특별자치시 장군면 도계리 굿라이프 원룸 대지 22.00㎡ 건물 22.00㎡,"1,000",,,
국무조정실,세종특별자치시 지원단장,정현용,건물,배우자,다가구주택,경기도성남시수정구창곡동대지 265.30㎡ 중 132.65㎡ 건물 299.29㎡중 149.64㎡,"1,500,000","1,500,000",,
국무조정실,세종특별자치시 지원단장,정현용,자동차 등,본인,자동차,"2016년식 제네시스 G80 배기량(3,342cc)","27,970","27,970",,
국무조정실,세종특별자치시 지원단장,정현용,예금,본인,,"KB증권 4, 교보생명보험 8,052, 국민은행 6,269, 농협은행 900, 농협중앙회 1,326, 메리츠종금증권 10, 미래에셋대우(주) 12, 미래에셋생명보험 12,590, 삼성화재해상보험 25,694, 전북은행 10, 중소기업은행 213, 흥국화재해상보험(주) 882","55,962",,,
국무조정실,세종특별자치시 지원단장,정현용,예금,배우자,,"(주)상상인증권 16, AIA생명보험주식회사 6,756, DB손해보험(주) 7,035, SK증권 9, 국민은행 1,391, 농협은행 10, 농협중앙회 1, 대신증권 50, 동양생명보험 3,600, 메리츠화재해상보험(보험) 1,324, 미래에셋대우(주) 134, 새마을금고 4,391, 우리은행 24, 우체국 3,132, 유안타증권 2, 중소기업은행 30, 한화생명보험주식회사 14,829, 한화손해보험 2,650, 현대해상화재보험 5,085, 흥국화재해상보험(주) 674","51,143",,,
국무조정실,세종특별자치시 지원단장,정현용,예금,모,,"국민은행 15, 농협중앙회 5, 우리은행 749",769,,,
국무조정실,세종특별자치시 지원단장,정현용,예금,장남,,"(주)KEB하나은행 434, DB손해보험(주) 270, 국민은행 2, 농협은행 1,461, 메리츠종금증권 10, 미래에셋대우(주) 2, 신한은행 750, 우리은행 12","2,941",,,
국무조정실,세종특별자치시 지원단장,정현용,증권,본인,상장주식,SK아이이테크놀로지 1주,212,,,
국무조정실,세종특별자치시 지원단장,정현용,증권,배우자,상장주식,"LG디스플레이 11주, SK아이이테크놀로지 3주, 삼성SDI 3주, 삼성전자 17 주, 상신이디피 70주, 영진약품보통주 2주, 유니온머티리얼 723주, 이스타 코 75주, 이엔플러스 6주","8,164",,,
국무조정실,세종특별자치시 지원단장,정현용,채권,본인,,사인간채권,"35,000",,,
국무조정실,세종특별자치시 지원단장,정현용,채무,본인,금융채무,"농협은행 200,000, 농협중앙회 649,480","849,480",,,
국무조정실,세종특별자치시 지원단장,정현용,채무,본인,건물임대채무,경기도 성남시 수정구 창곡동 임대보증금,"750,000",,,
국무조정실,세종특별자치시 지원단장,정현용,채무,배우자,금융채무,"삼성증권 2,382","2,382",,,
공정거래위원회,상임위원,김성삼,건물,본인,오피스텔,경기도 성남시 분당구 정자동 분당두산위브파빌리온 대지 11.19㎡ 중 5.59 ㎡ 건물 70.33㎡ 중 35.16㎡,"208,901",,,
공정거래위원회,상임위원,김성삼,채권,본인,아파트 (전세(임차)권),서울특별시 강남구 압구정동 한양아파트 건물 91.21㎡ 중 45.60㎡,"510,000",,,
공정거래위원회,상임위원,김성삼,채권,본인,아파트 (전세(임차)권),세종특별자치시 어진동 한뜰마을1단지 건물 34.00㎡,"73,560",,,
공정거래위원회,상임위원,김성삼,건물,배우자,오피스텔,경기도 성남시 분당구 정자동 분당두산위브파빌리온 대지 11.19㎡ 중 5.59 ㎡ 건물 70.33㎡ 중 35.16㎡,"208,902",,,
공정거래위원회,상임위원,김성삼,채권,배우자,아파트 (전세(임차)권),서울특별시 강남구 압구정동 한양아파트 건물 91.21㎡ 중 45.60㎡,"510,000",,,
공정거래위원회,상임위원,김성삼,자동차 등,본인,자동차,"2013년식 아반테(엘란트라) 배기량(1,800cc)","4,380",,,
공정거래위원회,상임위원,김성삼,현금,배우자,,현금,"10,000",,,
공정거래위원회,상임위원,김성삼,예금,본인,,"(주)KEB하나은행 1, 국민은행 6,151, 농협생명보험 76,840, 농협은행 59,358","142,350",,,
공정거래위원회,상임위원,김성삼,예금,배우자,,"(주)KEB하나은행 4,106, 국민은행 15,000, 농협은행 3, 삼성증권 111, 신 한라이프(신한생명) 78,630, 우리은행 17,106, 유안타증권 55, 케이뱅크 300, 푸르덴셜생명보험 51,885, 현대해상화재보험 3,724","170,920",,,
공정거래위원회,상임위원,김성삼,예금,장녀,,"(주)KEB하나은행 11, 신한은행 92, 유안타증권 2,689, 중소기업은행 10, 현대해상화재보험 1,762","4,564",,,
공정거래위원회,상임위원,김성삼,채무,본인,건물임대채무,경기도 성남시 분당구 정자동 분당두산위브파빌리온 임대보증금,"30,000",,,
공정거래위원회,상임위원,김성삼,채무,배우자,금융채무,"국민은행 185, 신한라이프(신한생명) 32,840, 푸르덴셜생명보험 34,620","67,645",,,
기획재정부,재정관리관,김윤상,토지,배우자,전,부산광역시 동래구 명륜동 139번지 387.00㎡,"24,033",,,
기획재정부,재정관리관,김윤상,토지,배우자,전,부산광역시 동래구 명륜동 141번지 481.00㎡,"20,924",,,
기획재정부,재정관리관,김윤상,토지,배우자,전,부산광역시 동래구 명륜동 142번지 612.00㎡,"26,622",,,
기획재정부,재정관리관,김윤상,토지,배우자,전,부산광역시 동래구 명륜동 143번지 790.00㎡,"34,365",,,
기획재정부,재정관리관,김윤상,건물,본인,아파트,서울특별시 서초구 서초동 아크로비스타 건물 174.78㎡ 중 87.39㎡,"950,000","950,000",,
기획재정부,재정관리관,김윤상,건물,배우자,아파트,서울특별시 서초구 서초동 아크로비스타 건물 174.78㎡ 중 87.39㎡,"950,000","950,000",,
기획재정부,재정관리관,김윤상,자동차 등,본인,자동차,"2010년식 제네시스 배기량(3,778cc)","10,390","36,000",,
기획재정부,재정관리관,김윤상,자동차 등,본인,자동차,"2017년식 맥스크루즈 배기량(3,300cc)","18,810","36,000",,
기획재정부,재정관리관,김윤상,예금,본인,,"NH투자증권 768, 교보생명보험 42,210, 농협은행 45,624, 디지비생명보험㈜ 7,944, 미래에셋대우(주) 79,555, 우체국 26,951","203,052",,,
기획재정부,재정관리관,김윤상,예금,배우자,,"(주)KEB하나은행1,961, 교보생명보험39,329, 롯데손해보험8,171, 미래에셋대우(주) 221,629, 미래에셋생명보험60,000, 부산은행1,882, 삼성생명보험117,241, 신한은행 115,209, 우체국5,541, 중소기업은행20, 한국교직원공제회41,716, 한국투자증권 83,398, 현대해상화재보험35,522","731,619",,,
기획재정부,재정관리관,김윤상,예금,장남,,"국민은행5, 농협중앙회11, 미래에셋대우(주) 4,273,삼성증권99, 신한금융투자(주) 7,093, 신한은행18,055, 한국카카오은행(주) 1, 한국투자증권50,742","80,279",,,
기획재정부,재정관리관,김윤상,예금,장녀,,"미래에셋대우(주) 8,959, 스탠다드차타드은행137, 신한은행6,957, 한국투자증권33,037","49,090",,,
기획재정부,재정관리관,김윤상,증권,본인,상장주식,"GlobalXChinaCleanEnergyETF 1,000주, GlobalXChinaConsumerBrandETF 1,500주, INVESCOQQQTRUSTUNITSER1 30주, JD-SW 400주, 대우조선해양25주, 용우네트워크3,800주, 입신정밀2,900주, 화란바이오4,200주","140,605",,,
기획재정부,재정관리관,김윤상,증권,배우자,상장주식,"ARKINNOVATIONETF 50주, GLOBALXLITHIUM&BATTERYTECHETF 150주, GlobalXChinaConsumerBrandETF(USD) 1,600주, HB솔루션500주, SK텔레콤68주, 대한항공 460주, 모더나10주, 삼성바이오로직스12주, 삼성전자441주, 스노우플레이크30주, 아마존닷컴2주, 애플19주, 코미팜322주, 현대모비스30주, 현대차76주","179,911",,,
기획재정부,재정관리관,김윤상,채권,배우자,기타(채권),"BNTNF1001/01/29NTNF 107,000주","28,814",,,
기획재정부,재정관리관,김윤상,증권,장남,상장주식,"FIRTSTRUSTNASDAQCYBERSECURITYETF 20주, INVESCOGLOBALLISTEDPRIVATEEQUITYETF 40주, INVESCOHIGHYIELDEQUITYDIVIDENDACHIE 30주, INVESCOINTERNATIONALDIVIDENDACHIEVERS 30주, IQHEDGEMULTIIQHEDGEMULTI-STRATEGYTR 30주, ISHARESMSCIINDIAETF 20주, ISHARESS&PSMALLCAP600VALUEETF 10주, ISHARESUSAEROSPACE&DEFENSEETF 10주, LAZARDGLOBALTOTALRETURNANDINCOMEFU 40주, MACQUARIE-FIRSTTRUSTGLOBALINFRA-UTILIT 102주, MACQUARIEGLOBALINFRASTRUCTURETOTALRE 90주, NH프라임리츠3,500주, NIFTYINDIAFINANCIALSETF 25주, NV5글로벌10주, TSMC(ADR) 10주, VANGUARDFINANCIALSETF 10주, VANGUARDINFORMATIONTECHETF 3주, VANGUARDREALESTATEETF 10주, VANGUARDVALUEETF 10주, 넥스테라에너지15주, 넥스트에라에너지파트너스10주, 리얼티인컴52주, 맥쿼리인프라2,600주, 메드트로닉10주, 보잉25주, 브룩필드리뉴어블파트너스10주, 비자5주, 사이먼프라퍼티그룹30주, 삼성전자40주, 세일스포스닷컴5주, 스튜디오드래곤5주, 신한알파리츠5,140주, 신한지주100주, 알파벳A 1주, 애틀랜티카서스테인너블인프라20주, 우버테크놀로지스20주, 응용재료15주, 이지케어텍 55주, 제주항공265주, 카카오115주, 칼라일2주, 코텍500주, 크라우드스트라이크홀딩스15주, 파이서브5주, 한화시스템130주, 해넌암스트롱서스테이너블인프라스트럭16주","189,885",,,
기획재정부,재정관리관,김윤상,증권,장남,비상장주식,비바리퍼블리카 10주,16,,,
기획재정부,재정관리관,김윤상,채권,장남,기타(채권),"BNTNF1001/01/27NTNF 59,000주","12,258",,,
기획재정부,재정관리관,김윤상,증권,장녀,상장주식,"GLOBALXFDSVIDEOGAMESANDESPORTSETF 270주, GlobalXChinaElectricVehicleETF 500주, ISHARESSEMICONDUCTORETF 20주, LG전자 60주, NAVER 16주, SK하이닉스 23주, 삼성전자 69주, 스노우플레이크 30주, 카카오 100주, 항서제약 1,016주","90,199",,,
기획재정부,재정관리관,김윤상,채권,본인,,사인간채권,"10,000",,,
기획재정부,재정관리관,김윤상,채무,장남,금융채무,"신한금융투자(주) 27,170, 신한은행 15,200, 씨티은행 9,000, 케이뱅크 6,929, 한국카카오은행(주) 600","58,899",,,
기획재정부,재정관리관,김윤상,고지거부 및 등록제외사항,부,,고지거부,,,독립생계유지,
기획재정부,재정관리관,김윤상,고지거부 및 등록제외사항,모,,고지거부,,,독립생계유지,
외교부 주미합중국대한민국대사관,공사,고윤주,토지,본인,답,경상남도 거제시 능포동 622-6번지 0.09㎡,103,,,
외교부 주미합중국대한민국대사관,공사,고윤주,건물,본인,아파트,서울특별시 강남구 압구정동 한양아파트 건물 78.02㎡ 중 39.01㎡,"858,000","545,000",,
외교부 주미합중국대한민국대사관,공사,고윤주,건물,배우자,아파트,서울특별시 강남구 압구정동 한양아파트 건물 78.02㎡ 중 39.01㎡,"858,000","545,000",,
외교부 주미합중국대한민국대사관,공사,고윤주,자동차 등,본인,자동차,"2013년식 CRV 배기량(2,400cc)","7,000","7,000",,
외교부 주미합중국대한민국대사관,공사,고윤주,자동차 등,배우자,자동차,"2013년식 CRV 배기량(2,400cc)","7,000","7,000",,
외교부 주미합중국대한민국대사관,공사,고윤주,예금,본인,,"Bank of America 1,957, 라이나생명보험 2,307, 스탠다드차타드은행 33, 우리은행 1,700","5,997",,,
외교부 주미합중국대한민국대사관,공사,고윤주,예금,배우자,,"DB손해보험(주) 1,187, 교보생명보험 38,482, 국민은행 4,878, 메리츠화재 해상보험(보험) 1,367, 삼성생명보험 20,382, 우리은행 1,700","67,996",,,
외교부 주미합중국대한민국대사관,공사,고윤주,예금,장남,,"우리은행 1,700","1,700",,,
외교부 주미합중국대한민국대사관,공사,고윤주,예금,장녀,,"(주)KEB하나은행 7, Bank of America 13,955","13,962",,,
외교부 주미합중국대한민국대사관,공사,고윤주,채무,본인,금융채무,"공무원연금공단 18,640, 농협은행 97,633, 스탠다드차타드은행 666,329, 우리은행 19,980","802,582",,,
외교부 주미합중국대한민국대사관,공사,고윤주,채무,배우자,금융채무,"삼성생명보험 6,000","6,000",,,
외교부 주미합중국대한민국대사관,공사,고윤주,고지거부 및 등록제외사항,부,고지거부,,,,독립생계유지,
외교부 주미합중국대한민국대사관,공사,고윤주,고지거부 및 등록제외사항,모,고지거부,,,,독립생계유지,
국방부,,이상철,토지,본인,임야,경기도 용인시 처인구 백암면 고안리 산 117번지 595.00㎡,"14,637","14,637",,
국방부,,이상철,토지,본인,임야,경기도 용인시 처인구 백암면 고안리 산 118번지 595.00㎡,"14,637","14,637",,
국방부,,이상철,건물,본인,아파트,경기도 용인시 기흥구 중동 초당마을현진에버빌 건물 126.17㎡,"537,000","537,000",,
국방부,,이상철,채권,부,단독주택 (전세(임차)권),경기도 용인시 처인구 백암면 고안리 건물 99.00㎡,"80,000",,,
국방부,,이상철,채권,장남,오피스텔 (전세(임차)권),경기도 평택시 고덕면 해창리 건물 29.70㎡,"50,000",,,
국방부,,이상철,채권,장녀,오피스텔 (전세(임차)권),경기도 의정부시 의정부동 건물 26.40㎡,"60,000",,,
국방부,,이상철,자동차 등,배우자,자동차,"2019년식 그렌져 배기량(2,359cc)","27,000","27,000",,
국방부,,이상철,자동차 등,배우자,자동차,2017년식 아이오닉 일렉트릭 배기량(78cc),"21,000","21,000",,
국방부,,이상철,예금,본인,,"(주)KB손해보험 2,408, AIA생명보험주식회사 12,694, DB생명보험(주) 40,933, KB생명보험 7,187, 국민은행 30,000, 군인공제회 172,200, 농협은행 2,733, 미래에셋대우(주) 254, 신한은행 376, 우체국 12,183, 중소기업은행 14,500","295,468",,,
국방부,,이상철,예금,배우자,,"국민은행 1,648, 농협은행 26, 미래에셋생명보험 3,516, 신한금융투자(주) 96, 유안타증권 8, 이베스트투자증권 6","5,300",,,
국방부,,이상철,예금,부,,"농협은행 2,022, 농협중앙회 8,590, 신용협동조합중앙회 31","10,643",,,
국방부,,이상철,예금,모,,"농협손해보험 5,744, 농협은행 2,020, 농협중앙회 7,754, 신용협동조합중앙회 50,410","65,928",,,
국방부,,이상철,예금,장남,,"국민은행 5,943, 농협은행 1,549, 대구은행 294, 미래에셋대우(주) 23, 신한은행 28, 우리은행 4,180, 토스증권(주) 5","12,022",,,
국방부,,이상철,예금,장녀,,"국민은행 5,469, 미래에셋대우(주) 39, 신한은행 97","5,605",,,
국방부,,이상철,증권,배우자,상장주식,"금호건설 10주, 대우건설 50주, 신성이엔지 308주, 팬오션 9주","1,224",,,
국방부,,이상철,증권,장남,상장주식,"CREDITSUISSEHIGHYIELDBONDFUND 1주, 금호타이어 1주, 한국전력 1주",29,,,
국방부,,이상철,채무,본인,금융채무,"국민은행 5,857, 신한은행 215,508","221,365",,,
산업통상자원부 한국전력공사,사업총괄부사장,이종환,건물,본인,아파트,서울특별시 강남구 대치동 대치현대아파트 건물 85.00㎡ 중 42.50㎡,"1,200,000","405,000",,
산업통상자원부 한국전력공사,사업총괄부사장,이종환,건물,배우자,아파트,서울특별시 강남구 대치동 대치현대아파트 건물 85.00㎡ 중 42.50㎡,"1,200,000","405,000",,
산업통상자원부 한국전력공사,사업총괄부사장,이종환,건물,배우자,기숙사,경기도 하남시 덕풍동 한강미사 아이에스비즈 건물 24.00㎡,"123,040","123,040",,
산업통상자원부 한국전력공사,사업총괄부사장,이종환,채권,장녀,오피스텔 (전세(임차)권),울산광역시 남구 삼산동 태화강더뷰 오피스텔 건물 32.00㎡,"90,000",,,
산업통상자원부 한국전력공사,사업총괄부사장,이종환,자동차 등,본인,자동차,"2004년식 그랜저XG 배기량(2,500cc)","1,600","1,600",,
산업통상자원부 한국전력공사,사업총괄부사장,이종환,자동차 등,배우자,자동차,"2005년식 뉴스포티지 배기량(1,991cc)","4,000","4,000",,
산업통상자원부 한국전력공사,사업총괄부사장,이종환,예금,본인,,"(주)KEB하나은행 2,586, KB증권 75, NH투자증권 9, 국민은행 4,300, 농협중앙회 30, 미래에셋대우(주) 301,892, 미래에셋생명보험 116,000, 신한은행 6,120, 우체국 10,772","441,784",,,
산업통상자원부 한국전력공사,사업총괄부사장,이종환,예금,배우자,,"(주)KB손해보험 13,458, (주)KEB하나은행 13,853, 국민은행 10,853, 동양생명보험 12,000, 미래에셋대우(주) 14, 우리은행 3, 우체국 1,701","51,882",,,
산업통상자원부 한국전력공사,사업총괄부사장,이종환,예금,장남,,"(주)KB손해보험 8,361, (주)KEB하나은행 2,121, 국민은행 10,000, 미래에셋대우(주) 14, 신한은행 263, 중소기업은행 110, 키움닷컴증권 421","21,290",,,
산업통상자원부 한국전력공사,사업총괄부사장,이종환,예금,장녀,,"국민은행 5,872, 미래에셋대우(주) 3, 신한금융투자(주) 950, 한국카카오은행(주) 1,095","7,920",,,
산업통상자원부 한국전력공사,사업총괄부사장,이종환,증권,본인,상장주식,"삼성전자 1,440주, 인텍플러스 8,950주, 한국전력 482주","324,358",,,
산업통상자원부 한국전력공사,사업총괄부사장,이종환,증권,배우자,상장주식,"LG화학 2주, NAVER 2주, SK바이오사이언스 13주, 기아 60주, 대덕전자 23주, 삼성전자 996주, 셀트리온헬스케어 41주, 인텍플러스 1,010주, 카카오뱅크 40주","110,269",,,
산업통상자원부 한국전력공사,사업총괄부사장,이종환,증권,장남,상장주식,"삼성전자보통주 745주, 인텍플러스 1,680주","91,771",,,
산업통상자원부 한국전력공사,사업총괄부사장,이종환,증권,장녀,상장주식,"EXP월드홀딩스 27주, FIRSTTRUSTCLOUDCOMPUTINGETF 22주, NAVER 1주, SPDRS&P500ETFTRUST 4주, 나이키B 6주, 데브시스터즈 12주, 룰루레몬애슬레티카 14주, 업워크 20주, 인텍플러스 490주, 카카오 36주, 팔란티어테크 62주","35,863",,,
산업통상자원부 한국전력공사,사업총괄부사장,이종환,채권,본인,,사인간채권,"90,000",,,
산업통상자원부 한국전력공사,사업총괄부사장,이종환,채무,본인,금융채무,"(주)KEB하나은행 75,340, 국민은행 35,031","110,371",,,
산업통상자원부 한국전력공사,사업총괄부사장,이종환,채무,장녀,,사인간채무,"90,000",,,
산업통상자원부 한국전력공사,사업총괄부사장,이종환,지식재산권,본인,특허권,"가공루프 배전계통시스템(10-1105302), 2009.08.04-2029.08.03",,,,
산업통상자원부 한국전력공사,사업총괄부사장,이종환,지식재산권,본인,특허권,"태양광 발전설비관리시스템 및 방법(10-2145155),2018.12.21-2038.12.20",,,,
환경부 국립환경과학원,원장,김동진,건물,본인,아파트,세종특별자치시 도담동 도램마을14단지 건물 112.00㎡,"896,000","401,400",,
환경부 국립환경과학원,원장,김동진,건물,부,단독주택,대구광역시 서구 중리동 건물 158.08㎡,"146,000","146,000",,
환경부 국립환경과학원,원장,김동진,자동차 등,배우자,자동차,"2014년식 올뉴 SM7 배기량(2,495cc)","10,000","10,000",,
환경부 국립환경과학원,원장,김동진,예금,본인,,"농협은행 22,243, 삼성화재해상보험 37,689, 우체국 3,155, 현대해상화재보험 1,926","65,013",,,
환경부 국립환경과학원,원장,김동진,예금,배우자,,"(주)KEB하나은행 6, (주)카카오페이증권 1, 국민은행 9,771, 농협은행 119, 농협중앙회 6, 미래에셋대우(주) 78, 한국카카오은행(주) 85","10,066",,,
환경부 국립환경과학원,원장,김동진,예금,부,,"농협은행 19, 대구은행 1,067, 새마을금고 60,149, 신용협동조합중앙회 25,030","86,265",,,
환경부 국립환경과학원,원장,김동진,예금,모,,"농협중앙회 15,763","15,763",,,
환경부 국립환경과학원,원장,김동진,예금,장남,,"NH투자증권 235, 농협은행 4,985, 중국은행 8","5,228",,,
환경부 국립환경과학원,원장,김동진,예금,장녀,,"농협은행 1,907","1,907",,,
환경부 국립환경과학원,원장,김동진,증권,배우자,상장주식,"NAVER 37주, 삼성전자우 129주, 포스코ICT 600주","27,130",,,
환경부 국립환경과학원,원장,김동진,증권,장남,상장주식,"Apple 8주, CrisprTherapeut 1주, Fiverr 1주, LindePu 1주, Microsoft 4주, NomadFoods 8주, Nvidia 2주, Pinterest 8주, WaltDisney 3주, ZillowGroup 1주","5,616",,,
환경부 국립환경과학원,원장,김동진,채무,본인,금융채무,"공무원연금공단 9,840, 농협은행 202,500","212,340",,,
대검찰청,사무국장,박공우,건물,본인,아파트 (분양권),인천광역시 미추홀구 주안동 힐스테이트푸르지오아파트 건물 84.97㎡,"277,201",,,
대검찰청,사무국장,박공우,채권,배우자,아파트 (전세(임차)권),인천광역시 남동구 논현동 소래마을풍림아파트 건물 124.73㎡,"250,000",,,
대검찰청,사무국장,박공우,자동차 등,본인,자동차,"2012년식 그랜져HG 배기량(2,999cc)","10,310","10,310",,
대검찰청,사무국장,박공우,자동차 등,본인,자동차,"2019년식 싼타페 배기량(1,995cc)","26,240","26,240",,
대검찰청,사무국장,박공우,자동차 등,본인,자동차,"2021년식 투싼 배기량(1,598cc)","3,339","3,339",,
대검찰청,사무국장,박공우,예금,본인,,"KB증권 1, 농협은행 497, 농협중앙회 1, 미래에셋대우(주) 14, 우체국 27,433, 한화생명보험주식회사 30,000","57,946",,,
대검찰청,사무국장,박공우,예금,배우자,,"KB증권 251, 교보생명보험 9,880, 수협중앙회 89, 신한은행 7, 우체국 157,416","167,643",,,
대검찰청,사무국장,박공우,증권,본인,비상장주식,"주식회사 타임즈코어 6,174주","3,087",,,
대검찰청,사무국장,박공우,채권,본인,,사인간채권,"150,000",,,
대검찰청,사무국장,박공우,채무,본인,금융채무,"신용협동조합중앙회 154,700, 신한은행 220,210","374,910",,,
대검찰청,사무국장,박공우,고지거부 및 등록제외사항,모,,고지거부,,,타인부양,
대검찰청,사무국장,박공우,고지거부 및 등록제외사항,장남,,고지거부,,,독립생계유지,
대검찰청,사무국장,박공우,고지거부 및 등록제외사항,차남,,고지거부,,,독립생계유지,
경기도,행정1부지사,오병권,토지,부,임야,"경기도 안산시 단원구 선부동 산 143-1번지 6,714.00㎡ 중 1,342.80㎡","37,061",,,
경기도,행정1부지사,오병권,채권,본인,아파트 (전세(임차)권),서울특별시 동작구 상도동 건영아파트 건물 114.96㎡,"260,000",,,
경기도,행정1부지사,오병권,채권,부,아파트,서울특별시 영등포구 영등포동 영등포푸르지오 건물 79.78㎡,"764,000","232,500",,
경기도,행정1부지사,오병권,자동차 등,배우자,자동차,"2021년식 제네시스 배기량(2,500cc)","54,960","54,960",,
경기도,행정1부지사,오병권,현금,본인,,현금,"5,000",,,
경기도,행정1부지사,오병권,현금,배우자,,현금,"15,000",,,
경기도,행정1부지사,오병권,현금,부,,현금,"25,000",,,
경기도,행정1부지사,오병권,현금,모,,현금,"25,000",,,
경기도,행정1부지사,오병권,예금,본인,,"DB손해보험(주) 62,762, 국민은행 7, 농협은행 75,862, 농협중앙회 1, 대 한지방행정공제회 285,208, 메리츠화재해상보험(보험) 2,436, 새마을금고 9,310, 케이디비생명보험 41,000","476,586",,,
경기도,행정1부지사,오병권,예금,배우자,,"DB손해보험(주) 26,935, 국민은행 10,029, 농협중앙회 63, 라이나생명보험 279, 우리은행 530, 한국교직원공제회 113,084, 한화생명보험주식회사 12,000, 한화손해보험 2,296","165,216",,,
경기도,행정1부지사,오병권,예금,부,,"중소기업은행 15,990","15,990",,,
경기도,행정1부지사,오병권,예금,모,,"국민은행 45, 중소기업은행 5,943","5,988",,,
경기도,행정1부지사,오병권,채무,배우자,금융채무,"국민은행 7,727","7,727",,,
